{"areas": [[[0.2671875, 0.21666666666666667], [0.3265625, 0.22361111111111112], [0.5234375, 0.5777777777777777], [0.27109375, 0.6819444444444445]], [[0.3265625, 0.22361111111111112], [0.43359375, 0.18194444444444444], [0.709375, 0.4013888888888889], [0.5234375, 0.5777777777777777]]], "name_areas": ["26 \u0443\u0447\u0430\u0441\u0442\u043e\u043a \u0423\u043b\u0438\u0446\u0430 \u041b\u0435\u0441\u043e\u043f\u0430\u0440\u043a\u043e\u0432\u0430\u044f_1", "26 \u0443\u0447\u0430\u0441\u0442\u043e\u043a \u0423\u043b\u0438\u0446\u0430 \u041b\u0435\u0441\u043e\u043f\u0430\u0440\u043a\u043e\u0432\u0430\u044f_2"], "zones": [[[0.2671875, 0.21666666666666667], [0.2671875, 0.2625], [0.34609375, 0.25833333333333336], [0.3265625, 0.22361111111111112]], [[0.27109375, 0.6819444444444445], [0.2703125, 0.6111111111111112], [0.49375, 0.5236111111111111], [0.5234375, 0.5777777777777777]], [[0.5234375, 0.5777777777777777], [0.49375, 0.5236111111111111], [0.66796875, 0.3680555555555556], [0.709375, 0.4013888888888889]], [[0.3265625, 0.22361111111111112], [0.34609375, 0.25833333333333336], [0.4609375, 0.20277777777777778], [0.43359375, 0.18194444444444444]]], "name_zones": ["26 \u0443\u0447\u0430\u0441\u0442\u043e\u043a \u0423\u043b\u0438\u0446\u0430 \u041b\u0435\u0441\u043e\u043f\u0430\u0440\u043a\u043e\u0432\u0430\u044f_11", "26 \u0443\u0447\u0430\u0441\u0442\u043e\u043a \u0423\u043b\u0438\u0446\u0430 \u041b\u0435\u0441\u043e\u043f\u0430\u0440\u043a\u043e\u0432\u0430\u044f_12", "26 \u0443\u0447\u0430\u0441\u0442\u043e\u043a \u0423\u043b\u0438\u0446\u0430 \u041b\u0435\u0441\u043e\u043f\u0430\u0440\u043a\u043e\u0432\u0430\u044f_21", "26 \u0443\u0447\u0430\u0441\u0442\u043e\u043a \u0423\u043b\u0438\u0446\u0430 \u041b\u0435\u0441\u043e\u043f\u0430\u0440\u043a\u043e\u0432\u0430\u044f_22"], "directions": [true, false], "color_areas": [[255, 0, 0], [255, 0, 0]], "color_zones": [[0, 255, 0], [0, 255, 0], [0, 255, 0], [0, 255, 0]], "widths": [1, 1, 1, 1], "flash_minizone_colors": [[255, 0, 0], [255, 0, 0], [255, 0, 0], [255, 0, 0]]}